link,title
/eby/npo/5314180655.html,Clinical Supervisor-HOPE (Pittsburg)
/eby/npo/5314178562.html,Intervention Specialist - EXCEL Alameda
/eby/npo/5314174809.html,Bilingual Clinician- School-Based (HOPE)
/eby/npo/5314173822.html,Community Liaison - Wraparound Program
/eby/npo/5314171590.html,PLL Bilingual Clinician
/eby/npo/5314169593.html,PLL Satellite Analyst-Administrative
/nby/npo/5314165583.html,Calistoga & St. Helena Boys & Girls Club Staff. Do what you love!!
/scz/npo/5314100398.html,Clinical Team Supervisor Housing for Health - 111315CSS
/nby/npo/5314085132.html,Site Director
/pen/npo/5313953917.html,SCA Bay Area Conservation Leadership Corps
/eby/npo/5313933644.html,SCA Bay Area Conservation Leadership Corps
/eby/npo/5313862379.html,PERSONAL ATTENDANT
/eby/npo/5313502464.html,Music Director sought
/eby/npo/5313483413.html,Grants Associate
/eby/npo/5313482565.html,Youth Advocate (Social Worker)
/sby/npo/5313480186.html,Social Worker - Come join our team as we start-up in the South Bay!!
/eby/npo/5313479113.html,Clinical Case Manager-POSITION WILL START IN JANUARY 2016!
/eby/npo/5313477649.html,YTP Coach- POSITION WILL START IN JANUARY 2016- FOUR POSITIONS OPEN!!!
/sfc/npo/5313363897.html,Counselor
/nby/npo/5313293547.html,Director of Development and Communications
/eby/npo/5313288535.html,EMPLOYMENT COORDINATOR
/eby/npo/5313286285.html,SUPPORT COUNSELOR
/eby/npo/5313282762.html,PERSONAL SERVICES COORDINATOR - $22.50-30.00/hour
/eby/npo/5313281452.html,"PROGRAM MANAGER - LCSW or MFT REQUIRED - $1,000 SIGN ON BONUS"
/eby/npo/5313279977.html,RESIDENTIAL COUNSELOR
/sfc/npo/5313250754.html,Work Readiness Screening/Triage Unit Coordinator
/sfc/npo/5313246802.html,Program Coordinator (CAAP-WDD)
/eby/npo/5313242594.html,Bilingual Clinical Intervention Specialist
/sfc/npo/5313238253.html,Employment Consultant
/sby/npo/5313238140.html,Permanency Counselor - Work with Youth in the Community!
/eby/npo/5313236882.html,Classroom Counselor - Interested in mental health and education?
/nby/npo/5313235467.html,Program/Case Assistant - Admin Support for Children's Non-Profit!
/pen/npo/5313229616.html,"Housing Programs Manager, San Mateo County"
/eby/npo/5313213285.html,Project Manager - Children's Mental Health Agency
/sfc/npo/5313199285.html,Become a Leader through Reading Partners AmeriCorps!
/pen/npo/5313193041.html,Lead Registered Nurse (Full-Time)
/sby/npo/5313186193.html,Dentist (Part-Time)
/sby/npo/5313176842.html,Unlock Your Potential with Reading Partners AmeriCorps!
/sby/npo/5313174851.html,Development Director
/eby/npo/5313130875.html,Personal Services Coordinator - Mental Health Services
/sfc/npo/5313127037.html,"Social Service Staffing & Recruiting, Inc. is hiring"
/eby/npo/5313109397.html,Property Manager
/eby/npo/5313079396.html,Mental Health Advocate
/eby/npo/5313052401.html,Direct Support Professional/Community Living Assistant
/scz/npo/5313030296.html,Activity Instructor
/pen/npo/5313009449.html,Homeless Shelter On-call Relief Staff
/sfc/npo/5312968296.html,Trails Stewardship Manager
/sby/npo/5312960996.html,Case Manager II -- Residential Services
/sby/npo/5312955466.html,Resident Care Worker for Adolescent Group Home
/nby/npo/5312927437.html,Program Leader: WineBev Services
/eby/npo/5312892388.html,We Need Experienced Callers! Fight Big Oil and stop the Frackers!
/eby/npo/5312873314.html,Executive Projects Coordinator
/eby/npo/5312854868.html,Development Associate - part-time
/nby/npo/5312845158.html,Alcohol & Other Drug Treatment-Intake & Assessment Counselor
/nby/npo/5312834295.html,Program Instructor - Santa Rosa
/sfc/npo/5312831630.html,Special Projects Coordinator
/eby/npo/5312821817.html,Logistics Assistant/Accounts Payable
/eby/npo/5312808346.html,Employment Specialist
/nby/npo/5312802852.html,Therapeutic Behavior Specialist
/eby/npo/5312801250.html,Employment Services Coordinator
/eby/npo/5312793543.html,Children's Program Coordinator
/sfc/npo/5312757445.html,**✸GREENPEACE✸** Canvassers needed. $13-$15/hr +Bonus & Benefi
/sfc/npo/5312746812.html,Administrative Assistant - Full-Time Position
/pen/npo/5312727685.html,Clinician I or II - Litteral House
/sfc/npo/5312727365.html,Counselor - Progress Foundation
/eby/npo/5312713273.html,★CAMPAIGN JOBS★ MAKE A POSITIVE IMPACT ON THE WORLD! - $13-$17/hour
/scz/npo/5312713154.html,HIRING IMMEDIATELY - ACTIVIST JOBS IN 2015: FIGHT FOR EQUALITY
/sfc/npo/5312697477.html,"MAJOR GIFTS OFFICER, Asian Art Museum"
/sfc/npo/5312666104.html,Program Director - SF Harbor Light
/sby/npo/5312650913.html,One-to-One Full-Time Shifts Available!
/sfc/npo/5312646084.html,"Case Manager II: Skilled Level, Curry Senior Center, San Francisco, C"
/nby/npo/5312642647.html,ASSISTANT SERVICE COORDINATOR
/sfc/npo/5312609342.html,"Case Manager II: Entry Level, Curry Senior Center, San Francisco, CA"
/sby/npo/5312603650.html,Bill Wilson Center Hiring Fair
/pen/npo/5312582683.html,Case Manager for Mental Health Clients
/sfc/npo/5312571494.html,Coordinator -Office of the Chief Philanthropy Officer
/sfc/npo/5312560053.html,"Case Manager, Potrero Hill Terrace and Annex (PTA)"
/eby/npo/5312531912.html,Relief Counselor
/eby/npo/5312513312.html,Clinician (LMFT/LCSW)
/eby/npo/5312506768.html,~~Environmental Activists Needed To Make Democracy Work! $14-$16/hr~~
/sby/npo/5312506203.html,Clinician (LMFT/LCSW)
/sby/npo/5312052604.html,Director of Philanthropy
/eby/npo/5311951369.html,Part Time Project Manager
/sfc/npo/5311926259.html,Full Time Residential Counselor M-F 6:00a-2:00p
/sfc/npo/5311925865.html,Part Time House Social Worker (LCSW or ASW)
/eby/npo/5311873537.html,Coordinator- Business Operations & Events
/sfc/npo/5311845676.html,Director of Programs
/nby/npo/5311786603.html,MMJ Delivery Driver
/sfc/npo/5311713855.html,"Marketing Coordinator, Subscriptions at San Francisco Opera"
/sfc/npo/5311702367.html,Infant-Toddler Teacher
/sfc/npo/5311681975.html,Opprotunities at Larkin Street Youth Services
/eby/npo/5311658651.html,Clinician - Intensive Treatment Foster Care
/sfc/npo/5311653582.html,Outreach Counselor-Larkin Street Youth Servicesd
/eby/npo/5311641103.html,Reading Intervention Specialist - Work with youth and families!
/eby/npo/5311640203.html,Classroom Therapist - Children's mental health agency
/sby/npo/5311639322.html,Clinician - Therapeutic Behavioral Services (TBS)
/sfc/npo/5311638608.html,Clinician - Therapeutic Behavioral Services (TBS)
/nby/npo/5311637526.html,Bilingual Wraparound Clinician - Community-Based Support to Families!
/eby/npo/5311636749.html,Wraparound Clinician: Community-Based Program Supporting Youth!
/eby/npo/5311635780.html,Classroom Counselor - Interested in mental health and education?
